<?xml version="1.0" encoding="UTF-8"?>
<aciHighwayResponse>
	<acctId>abcd</acctId>
	<userId>abcd001</userId>
	<messageId>0123456789</messageId>
	<conveyance>
		<conveyanceReferenceNumber>1ABC012345</conveyanceReferenceNumber>
		<acknowledgement>
			<dateTime>text</dateTime>
		</acknowledgement>
		<status>text</status>
		<error>
			<code>text</code>
			<value>text</value>
			<remarks>text</remarks>
		</error>
		<error>
			<code>text</code>
			<value>text</value>
			<remarks>text</remarks>
		</error>
		<error>
			<code>text</code>
			<value>text</value>
			<remarks>text</remarks>
		</error>
	</conveyance>
	<conveyance>
		<conveyanceReferenceNumber>text</conveyanceReferenceNumber>
		<acknowledgement>
			<dateTime>text</dateTime>
		</acknowledgement>
		<status>text</status>
		<error>
			<code>text</code>
			<value>text</value>
			<remarks>text</remarks>
		</error>
		<error>
			<code>text</code>
			<value>text</value>
			<remarks>text</remarks>
		</error>
		<error>
			<code>text</code>
			<value>text</value>
			<remarks>text</remarks>
		</error>
	</conveyance>
	<conveyance>
		<conveyanceReferenceNumber>text</conveyanceReferenceNumber>
		<acknowledgement>
			<dateTime>text</dateTime>
		</acknowledgement>
		<status>text</status>
		<error>
			<code>text</code>
			<value>text</value>
			<remarks>text</remarks>
		</error>
		<error>
			<code>text</code>
			<value>text</value>
			<remarks>text</remarks>
		</error>
		<error>
			<code>text</code>
			<value>text</value>
			<remarks>text</remarks>
		</error>
	</conveyance>
	<cargo>
		<cargoControlNumber>text</cargoControlNumber>
		<acknowledgement>
			<dateTime>text</dateTime>
		</acknowledgement>
		<status>text</status>
		<error>
			<code>text</code>
			<value>text</value>
			<remarks>text</remarks>
		</error>
		<error>
			<code>text</code>
			<value>text</value>
			<remarks>text</remarks>
		</error>
		<error>
			<code>text</code>
			<value>text</value>
			<remarks>text</remarks>
		</error>
	</cargo>
	<cargo>
		<cargoControlNumber>text</cargoControlNumber>
		<acknowledgement>
			<dateTime>text</dateTime>
		</acknowledgement>
		<status>text</status>
		<error>
			<code>text</code>
			<value>text</value>
			<remarks>text</remarks>
		</error>
		<error>
			<code>text</code>
			<value>text</value>
			<remarks>text</remarks>
		</error>
		<error>
			<code>text</code>
			<value>text</value>
			<remarks>text</remarks>
		</error>
	</cargo>
	<cargo>
		<cargoControlNumber>text</cargoControlNumber>
		<acknowledgement>
			<dateTime>text</dateTime>
		</acknowledgement>
		<status>text</status>
		<error>
			<code>text</code>
			<value>text</value>
			<remarks>text</remarks>
		</error>
		<error>
			<code>text</code>
			<value>text</value>
			<remarks>text</remarks>
		</error>
		<error>
			<code>text</code>
			<value>text</value>
			<remarks>text</remarks>
		</error>
	</cargo>
	<arrivalNotification>
		<conveyanceReferenceNumber>text</conveyanceReferenceNumber>
		<dateTimeOfReport>text</dateTimeOfReport>
		<portOfReport>text</portOfReport>
		<cargoControlNumber>text</cargoControlNumber>
		<cargoControlNumber>text</cargoControlNumber>
		<cargoControlNumber>text</cargoControlNumber>
	</arrivalNotification>
	<releaseNotification>
		<cargoControlNumber>text</cargoControlNumber>
		<serviceOptionIdentifier>text</serviceOptionIdentifier>
		<transactionNumber>text</transactionNumber>
		<processingDateTime>text</processingDateTime>
		<processingIndicator>text</processingIndicator>
		<portOfClearance>text</portOfClearance>
		<warehouseCode>text</warehouseCode>
	</releaseNotification>
</aciHighwayResponse>
